{"cameraMode":{"drawMode":0,"name":"Shaded","section":"Shading Mode"},"sceneLighting":false,"audioPlay":false,"sceneViewState":{"m_AlwaysRefresh":false,"showFog":true,"showSkybox":false,"showFlares":true,"showImageEffects":true,"showParticleSystems":true,"showVisualEffectGraphs":true,"m_FxEnabled":true},"in2DMode":false,"pivot":{"x":-0.009807407855987549,"y":0.5598095655441284,"z":0.00015681982040405273},"rotation":{"x":0.17388692498207093,"y":0.6290093064308167,"z":-0.1471528708934784,"w":0.7432926893234253},"size":1.4919474124908448,"orthographic":false}